{"iteration": 0, "iter_time": 7.769701957702637, "data_time": 5.43552827835083, "lr": 0.0, "wd": 0.04000000000000001, "mom": 0.994, "last_layer_lr": 0.0, "current_batch_size": 64.0, "total_loss": 14.026201248168945, "dino_local_crops_loss": 9.88964557647705, "dino_global_crops_loss": 1.2384268045425415, "koleo_loss": 0.08087158203125, "ibot_loss": 2.8172574043273926}
{"iteration": 0, "iter_time": 7.643087387084961, "data_time": 5.326210975646973, "lr": 0.0, "wd": 0.04000000000000001, "mom": 0.994, "last_layer_lr": 0.0, "current_batch_size": 64.0, "total_loss": 14.026206016540527, "dino_local_crops_loss": 9.88964557647705, "dino_global_crops_loss": 1.238430380821228, "koleo_loss": 0.08087158203125, "ibot_loss": 2.817258834838867}
{"iteration": 0, "iter_time": 674.2218627929688, "data_time": 672.30419921875, "lr": 0.0, "wd": 0.04000000000000001, "mom": 0.994, "last_layer_lr": 0.0, "current_batch_size": 64.0, "total_loss": 14.030550956726074, "dino_local_crops_loss": 9.89474105834961, "dino_global_crops_loss": 1.2384012937545776, "koleo_loss": 0.08056640625, "ibot_loss": 2.8168420791625977}
{"iteration": 0, "iter_time": 7.148209571838379, "data_time": 4.719696044921875, "lr": 0.0, "wd": 0.04000000000000001, "mom": 0.994, "last_layer_lr": 0.0, "current_batch_size": 64.0, "total_loss": 14.030550003051758, "dino_local_crops_loss": 9.894736289978027, "dino_global_crops_loss": 1.238403558731079, "koleo_loss": 0.08056640625, "ibot_loss": 2.8168435096740723}
{"iteration": 0, "iter_time": 314.5849304199219, "data_time": 312.60247802734375, "lr": 0.0, "wd": 0.04000000000000001, "mom": 0.994, "last_layer_lr": 0.0, "current_batch_size": 64.0, "total_loss": 14.030552864074707, "dino_local_crops_loss": 9.894742012023926, "dino_global_crops_loss": 1.238402247428894, "koleo_loss": 0.08056640625, "ibot_loss": 2.8168420791625977}
